[null,{"name":"помощь","permissions":"NONE","restriction":"1","actions":[{"title":"Команды бота Book7Shelf - Chat","author":"","color":"#0bda51","url":"","authorIcon":"","authorUrl":"https://static.wikia.nocookie.net/minecraft_ru_gamepedia/images/7/7c/%D0%9A%D0%BD%D0%B8%D0%B6%D0%BD%D1%8B%D0%B9_%D1%88%D0%BA%D0%B0%D1%84.png/revision/latest/scale-to-width-down/160?cb=20200421155547","imageUrl":"","thumbUrl":"https://static.wikia.nocookie.net/minecraft_ru_gamepedia/images/7/7c/%D0%9A%D0%BD%D0%B8%D0%B6%D0%BD%D1%8B%D0%B9_%D1%88%D0%BA%D0%B0%D1%84.png/revision/latest/scale-to-width-down/160?cb=20200421155547","timestamp":"false","debug":"false","text":"","year":"","month":"","day":"","hour":"","minute":"","second":"","storage":"1","varName":"embed","name":"Create Embed Message"},{"storage":"1","varName":"embed","message":"**!правила** - правила Discord сервера!\n**!удар** [@Пользователь] - Удар по выбранному пользователю\n**!монетка** - Выбирает орел или решка\n**!генератор** [минимальное число] [максимальное число]\nВозвращает случайное число\n**!помощь** - Список доступных команд\n**!донат** - Помощь рублём!","name":"Set Embed Description"},{"storage":"1","varName":"embed","channel":"0","varName2":"","name":"Send Embed Message"}],"_id":"mUDCY"},{"name":"донат","permissions":"NONE","restriction":"1","actions":[{"title":"Донат (Переход на сайт)","author":"","color":"#0bda51","url":"https://vk.com/app6471849_-197874559","authorIcon":"","authorUrl":"https://sun9-31.userapi.com/impf/c856024/v856024964/100f31/UPVlmjwY9Og.jpg?size=1000x1000&quality=96&sign=18dbbe05212424489f7eeb3ceb4a66d1&type=album","imageUrl":"","thumbUrl":"https://sun9-31.userapi.com/impf/c856024/v856024964/100f31/UPVlmjwY9Og.jpg?size=1000x1000&quality=96&sign=18dbbe05212424489f7eeb3ceb4a66d1&type=album","timestamp":"false","debug":"false","text":"","year":"","month":"","day":"","hour":"","minute":"","second":"","storage":"1","varName":"embed","name":"Create Embed Message"},{"storage":"1","varName":"embed","message":"Нам важна ваша поддержка, и ваши же донаты помогают нам давать вам максимально комфортную игру без лагов \n","name":"Set Embed Description"},{"storage":"1","varName":"embed","channel":"0","varName2":"","name":"Send Embed Message"}],"_id":"MeZtb"},{"name":"пинг","permissions":"NONE","restriction":"1","actions":[{"title":"","author":"","color":"#0bda51","url":"","authorIcon":"","authorUrl":"https://srvl.ru/files/products/40.1000x1000.png?3b57527dcb16baf308f2e6de5879ceb3","imageUrl":"","thumbUrl":"https://srvl.ru/files/products/40.1000x1000.png?3b57527dcb16baf308f2e6de5879ceb3","timestamp":"false","debug":"false","text":"","year":"","month":"","day":"","hour":"","minute":"","second":"","storage":"1","varName":"embed","name":"Create Embed Message"},{"storage":"1","varName":"embed","message":"Понг - Бот работает!\nПонг - Бот работает!\nПонг - Бот работает!\nПонг - Бот работает!","name":"Set Embed Description"},{"storage":"1","varName":"embed","channel":"0","varName2":"","name":"Send Embed Message"}],"_id":"UIcAO"},{"name":"правила","permissions":"NONE","restriction":"1","actions":[{"title":"Правила дискорд сервера!","author":"","color":"#0bda51","url":"","authorIcon":"","authorUrl":"https://static.wikia.nocookie.net/minecraft_ru_gamepedia/images/3/31/%D0%9A%D0%BD%D0%B8%D0%B3%D0%B0.png/revision/latest/scale-to-width-down/160?cb=20191117044416","imageUrl":"","thumbUrl":"https://static.wikia.nocookie.net/minecraft_ru_gamepedia/images/3/31/%D0%9A%D0%BD%D0%B8%D0%B3%D0%B0.png/revision/latest/scale-to-width-down/160?cb=20191117044416","timestamp":"false","debug":"false","text":"","year":"","month":"","day":"","hour":"","minute":"","second":"","storage":"1","varName":"embed","name":"Create Embed Message"},{"storage":"1","varName":"embed","message":"1. Не рекламирывать другие сервера (Discord, Minecraft) - Бан\n2. Запрещено спамить - Мут Навсегда!\n3. Неадекватное поведение - БАН\n4. Оскорблять всех и вся - БАН\n5. Скидывать запретный контент (расчеленёнка, порно) - БАН \n6. Помеха в работе ботов - Запрет на использование ботов","name":"Set Embed Description"},{"storage":"1","varName":"embed","channel":"0","varName2":"","name":"Send Embed Message"}],"_id":"blGuh"},{"name":"удар","permissions":"NONE","restriction":"1","actions":[{"condition":"1","comparison":"0","value":"1","iftrue":"3","iftrueVal":"2","iffalse":"0","iffalseVal":"","name":"Check Parameters"},{"channel":"0","varName":"","message":"```\nУпомяните пользователя, чтобы использовать эту команду!\n```","storage":"0","varName2":"","iffalse":"0","iffalseVal":"","name":"Send Message"},{"name":"End Action Sequence"},{"channel":"0","varName":"","message":"${member} ударил ${mentionedUser} в лицо!","storage":"0","varName2":"","iffalse":"0","iffalseVal":"","name":"Send Message"}],"_id":"dAULq"},{"name":"монетка","permissions":"NONE","restriction":"1","actions":[{"storage":"1","varName":"result","min":"1","max":"2","name":"Generate Random Number"},{"storage":"1","varName":"result","comparison":"1","value":"1","iftrue":"0","iftrueVal":"","iffalse":"3","iffalseVal":"2","name":"Check Variable"},{"channel":"0","varName":"","message":"Орёл","storage":"0","varName2":"","iffalse":"0","iffalseVal":"","name":"Send Message"},{"name":"End Action Sequence"},{"channel":"0","varName":"","message":"Решка","storage":"0","varName2":"","iffalse":"0","iffalseVal":"","name":"Send Message"}],"_id":"uVVLU"},{"name":"генератор","permissions":"NONE","restriction":"1","actions":[{"condition":"0","comparison":"0","value":"2","iftrue":"3","iftrueVal":"2","iffalse":"0","iffalseVal":"","name":"Check Parameters"},{"channel":"0","varName":"","message":"Пожалуйста, введите минимальное и максимальное значение, чтобы использовать эту команду:\n! GetRandomNumber [минимальное значение] [максимальное значение]\n","storage":"0","varName2":"","iffalse":"0","iffalseVal":"","name":"Send Message"},{"name":"End Action Sequence"},{"info":"0","infoIndex":"1","storage":"1","varName":"min","name":"Store Command Params"},{"info":"0","infoIndex":"2","storage":"1","varName":"max","name":"Store Command Params"},{"storage":"1","varName":"result","min":"${tempVars(\"min\")}","max":"${tempVars(\"max\")}","name":"Generate Random Number"},{"channel":"0","varName":"","message":"Случайно сгенерированное значение: ${tempVars(\"result\")}!","storage":"0","varName2":"","iffalse":"0","iffalseVal":"","name":"Send Message"}],"_id":"gPlzi"}]