[null,{"name":"Выдача роли","temp":"member","event-type":"6","_id":"VHjuF","actions":[{"channel":"5","varName":"member","message":"Добро пожаловать на сервер Book7Shelf!\nНаша группа в ВК: https://vk.com/book7shelf\n","storage":"0","varName2":"","iffalse":"0","iffalseVal":"","name":"Send Message"},{"info":"0","find":"741199512206311484","storage":"2","varName":"member","name":"Find Role"}]},{"name":"Статус","temp":"","event-type":"1","_id":"PXDNS","actions":[{"gameName":"Напиши !помощь что-бы начать работать с ботом ","gameLink":"","name":"Set Bot Game"}]}]